DoctorID,DoctorName,Specialization,ExperienceYears,City
1,Doctor_1,Cardiology,31,Mumbai
2,Doctor_2,Orthopedics,10,Mumbai
3,Doctor_3,Orthopedics,24,Mumbai
4,Doctor_4,Orthopedics,6,Chennai
5,Doctor_5,General,16,Mumbai
6,Doctor_6,Cardiology,11,Bangalore
7,Doctor_7,Cardiology,32,Mumbai
8,Doctor_8,Cardiology,6,Mumbai
9,Doctor_9,Cardiology,22,Mumbai
10,Doctor_10,Neurology,4,Chennai
11,Doctor_11,Neurology,4,Bangalore
12,Doctor_12,Orthopedics,23,Mumbai
13,Doctor_13,Orthopedics,10,Hyderabad
14,Doctor_14,General,35,Chennai
15,Doctor_15,Orthopedics,7,Mumbai
16,Doctor_16,Cardiology,9,Mumbai
17,Doctor_17,Orthopedics,32,Chennai
18,Doctor_18,Orthopedics,15,Hyderabad
19,Doctor_19,Neurology,21,Hyderabad
20,Doctor_20,Cardiology,23,Chennai
21,Doctor_21,General,29,Mumbai
22,Doctor_22,General,13,Chennai
23,Doctor_23,General,2,Chennai
24,Doctor_24,Orthopedics,25,Chennai
25,Doctor_25,General,23,Chennai
26,Doctor_26,General,9,Hyderabad
27,Doctor_27,General,17,Chennai
28,Doctor_28,Neurology,3,Mumbai
29,Doctor_29,Cardiology,32,Mumbai
30,Doctor_30,Neurology,29,Bangalore
31,Doctor_31,Cardiology,19,Bangalore
32,Doctor_32,Neurology,35,Chennai
33,Doctor_33,Cardiology,32,Bangalore
34,Doctor_34,General,13,Chennai
35,Doctor_35,General,12,Hyderabad
36,Doctor_36,General,35,Hyderabad
37,Doctor_37,Neurology,23,Hyderabad
38,Doctor_38,General,21,Hyderabad
39,Doctor_39,Orthopedics,30,Mumbai
40,Doctor_40,Cardiology,18,Hyderabad
41,Doctor_41,Neurology,11,Hyderabad
42,Doctor_42,General,5,Mumbai
43,Doctor_43,General,34,Chennai
44,Doctor_44,Cardiology,10,Bangalore
45,Doctor_45,General,29,Chennai
46,Doctor_46,General,19,Chennai
47,Doctor_47,Cardiology,17,Bangalore
48,Doctor_48,Cardiology,35,Hyderabad
49,Doctor_49,Orthopedics,24,Hyderabad
50,Doctor_50,Orthopedics,30,Hyderabad
51,Doctor_51,Cardiology,1,Hyderabad
52,Doctor_52,Neurology,33,Bangalore
53,Doctor_53,Orthopedics,25,Hyderabad
54,Doctor_54,Cardiology,12,Hyderabad
55,Doctor_55,General,2,Hyderabad
56,Doctor_56,Neurology,24,Bangalore
57,Doctor_57,General,16,Mumbai
58,Doctor_58,Orthopedics,21,Bangalore
59,Doctor_59,General,5,Hyderabad
60,Doctor_60,Neurology,35,Bangalore
61,Doctor_61,Cardiology,25,Chennai
62,Doctor_62,Cardiology,13,Chennai
63,Doctor_63,Neurology,34,Mumbai
64,Doctor_64,General,32,Hyderabad
65,Doctor_65,General,10,Mumbai
66,Doctor_66,Neurology,19,Chennai
67,Doctor_67,Cardiology,21,Mumbai
68,Doctor_68,General,27,Chennai
69,Doctor_69,Orthopedics,21,Chennai
70,Doctor_70,Neurology,8,Bangalore
71,Doctor_71,Orthopedics,7,Hyderabad
72,Doctor_72,Orthopedics,34,Chennai
73,Doctor_73,Cardiology,5,Hyderabad
74,Doctor_74,Neurology,3,Mumbai
75,Doctor_75,General,9,Mumbai
76,Doctor_76,General,12,Chennai
77,Doctor_77,Neurology,3,Hyderabad
78,Doctor_78,Cardiology,13,Chennai
79,Doctor_79,General,7,Chennai
80,Doctor_80,General,32,Bangalore
81,Doctor_81,General,13,Mumbai
82,Doctor_82,Cardiology,7,Hyderabad
83,Doctor_83,General,3,Mumbai
84,Doctor_84,General,25,Bangalore
85,Doctor_85,Orthopedics,32,Mumbai
86,Doctor_86,Cardiology,34,Bangalore
87,Doctor_87,General,17,Mumbai
88,Doctor_88,Cardiology,4,Hyderabad
89,Doctor_89,Cardiology,24,Bangalore
90,Doctor_90,General,15,Mumbai
91,Doctor_91,General,5,Bangalore
92,Doctor_92,Cardiology,1,Hyderabad
93,Doctor_93,Cardiology,14,Mumbai
94,Doctor_94,Cardiology,32,Chennai
95,Doctor_95,Orthopedics,6,Hyderabad
96,Doctor_96,Neurology,30,Hyderabad
97,Doctor_97,General,4,Hyderabad
98,Doctor_98,Orthopedics,24,Hyderabad
99,Doctor_99,Orthopedics,27,Chennai
100,Doctor_100,Cardiology,24,Mumbai
101,Doctor_101,Neurology,4,Hyderabad
102,Doctor_102,General,18,Mumbai
103,Doctor_103,Orthopedics,34,Bangalore
104,Doctor_104,General,3,Hyderabad
105,Doctor_105,Orthopedics,5,Hyderabad
106,Doctor_106,General,20,Mumbai
107,Doctor_107,Cardiology,5,Chennai
108,Doctor_108,Cardiology,14,Bangalore
109,Doctor_109,Neurology,34,Chennai
110,Doctor_110,Cardiology,7,Mumbai
111,Doctor_111,Orthopedics,7,Hyderabad
112,Doctor_112,Orthopedics,15,Mumbai
113,Doctor_113,Orthopedics,35,Mumbai
114,Doctor_114,Orthopedics,25,Mumbai
115,Doctor_115,Cardiology,13,Mumbai
116,Doctor_116,Cardiology,13,Hyderabad
117,Doctor_117,Neurology,34,Bangalore
118,Doctor_118,General,16,Hyderabad
119,Doctor_119,Neurology,12,Mumbai
120,Doctor_120,General,27,Mumbai
121,Doctor_121,Cardiology,7,Hyderabad
122,Doctor_122,Orthopedics,23,Chennai
123,Doctor_123,Neurology,30,Chennai
124,Doctor_124,Neurology,28,Chennai
125,Doctor_125,Cardiology,7,Mumbai
126,Doctor_126,General,11,Hyderabad
127,Doctor_127,Neurology,12,Hyderabad
128,Doctor_128,General,26,Chennai
129,Doctor_129,Neurology,33,Chennai
130,Doctor_130,Orthopedics,22,Hyderabad
131,Doctor_131,Cardiology,11,Mumbai
132,Doctor_132,General,35,Chennai
133,Doctor_133,Cardiology,29,Bangalore
134,Doctor_134,Cardiology,23,Bangalore
135,Doctor_135,General,21,Hyderabad
136,Doctor_136,General,21,Mumbai
137,Doctor_137,Neurology,24,Bangalore
138,Doctor_138,General,27,Chennai
139,Doctor_139,Cardiology,28,Mumbai
140,Doctor_140,Cardiology,21,Hyderabad
141,Doctor_141,General,16,Chennai
142,Doctor_142,General,35,Mumbai
143,Doctor_143,Neurology,14,Hyderabad
144,Doctor_144,Neurology,25,Mumbai
145,Doctor_145,Neurology,17,Bangalore
146,Doctor_146,Cardiology,24,Bangalore
147,Doctor_147,General,29,Hyderabad
148,Doctor_148,Orthopedics,29,Bangalore
149,Doctor_149,General,26,Hyderabad
150,Doctor_150,General,1,Bangalore
151,Doctor_151,Neurology,3,Mumbai
152,Doctor_152,Orthopedics,19,Mumbai
153,Doctor_153,General,2,Hyderabad
154,Doctor_154,Orthopedics,34,Chennai
155,Doctor_155,Orthopedics,9,Mumbai
156,Doctor_156,General,20,Mumbai
157,Doctor_157,Neurology,1,Hyderabad
158,Doctor_158,Neurology,20,Hyderabad
159,Doctor_159,General,15,Chennai
160,Doctor_160,Orthopedics,14,Hyderabad
161,Doctor_161,Orthopedics,21,Chennai
162,Doctor_162,Neurology,2,Hyderabad
163,Doctor_163,Neurology,18,Mumbai
164,Doctor_164,Neurology,33,Hyderabad
165,Doctor_165,Orthopedics,10,Bangalore
166,Doctor_166,Orthopedics,7,Mumbai
167,Doctor_167,Neurology,3,Bangalore
168,Doctor_168,Neurology,30,Bangalore
169,Doctor_169,Orthopedics,23,Hyderabad
170,Doctor_170,Cardiology,10,Hyderabad
171,Doctor_171,Orthopedics,9,Bangalore
172,Doctor_172,General,17,Mumbai
173,Doctor_173,General,24,Hyderabad
174,Doctor_174,Orthopedics,16,Mumbai
175,Doctor_175,General,15,Hyderabad
176,Doctor_176,Cardiology,17,Bangalore
177,Doctor_177,Cardiology,20,Bangalore
178,Doctor_178,Cardiology,6,Hyderabad
179,Doctor_179,General,26,Bangalore
180,Doctor_180,Neurology,14,Hyderabad
181,Doctor_181,Cardiology,5,Chennai
182,Doctor_182,Cardiology,21,Hyderabad
183,Doctor_183,Neurology,31,Mumbai
184,Doctor_184,Orthopedics,12,Bangalore
185,Doctor_185,Neurology,32,Hyderabad
186,Doctor_186,Orthopedics,7,Hyderabad
187,Doctor_187,Orthopedics,20,Hyderabad
188,Doctor_188,Neurology,3,Mumbai
189,Doctor_189,Cardiology,25,Bangalore
190,Doctor_190,Orthopedics,6,Hyderabad
191,Doctor_191,Neurology,4,Bangalore
192,Doctor_192,Cardiology,22,Mumbai
193,Doctor_193,Orthopedics,23,Chennai
194,Doctor_194,General,28,Mumbai
195,Doctor_195,Cardiology,27,Chennai
196,Doctor_196,Neurology,8,Hyderabad
197,Doctor_197,General,15,Bangalore
198,Doctor_198,Neurology,1,Chennai
199,Doctor_199,Orthopedics,25,Bangalore
200,Doctor_200,Cardiology,4,Hyderabad
201,Doctor_201,General,20,Bangalore
202,Doctor_202,General,34,Chennai
203,Doctor_203,General,3,Hyderabad
204,Doctor_204,Orthopedics,21,Hyderabad
205,Doctor_205,Cardiology,35,Chennai
206,Doctor_206,Cardiology,10,Bangalore
207,Doctor_207,Orthopedics,21,Mumbai
208,Doctor_208,Neurology,33,Bangalore
209,Doctor_209,General,15,Chennai
210,Doctor_210,Neurology,10,Bangalore
211,Doctor_211,Orthopedics,4,Mumbai
212,Doctor_212,Neurology,26,Bangalore
213,Doctor_213,Neurology,29,Hyderabad
214,Doctor_214,Orthopedics,33,Bangalore
215,Doctor_215,General,6,Hyderabad
216,Doctor_216,Neurology,15,Mumbai
217,Doctor_217,Cardiology,28,Bangalore
218,Doctor_218,Neurology,19,Hyderabad
219,Doctor_219,Neurology,26,Mumbai
220,Doctor_220,Cardiology,10,Hyderabad
221,Doctor_221,General,9,Hyderabad
222,Doctor_222,Cardiology,22,Hyderabad
223,Doctor_223,General,6,Bangalore
224,Doctor_224,Orthopedics,31,Hyderabad
225,Doctor_225,Orthopedics,4,Chennai
226,Doctor_226,Neurology,26,Mumbai
227,Doctor_227,Neurology,17,Mumbai
228,Doctor_228,Orthopedics,6,Bangalore
229,Doctor_229,Cardiology,26,Bangalore
230,Doctor_230,Orthopedics,33,Bangalore
231,Doctor_231,General,28,Chennai
232,Doctor_232,Neurology,9,Mumbai
233,Doctor_233,Cardiology,9,Mumbai
234,Doctor_234,Neurology,31,Bangalore
235,Doctor_235,Orthopedics,13,Bangalore
236,Doctor_236,Cardiology,32,Hyderabad
237,Doctor_237,Orthopedics,26,Bangalore
238,Doctor_238,General,13,Mumbai
239,Doctor_239,Orthopedics,34,Hyderabad
240,Doctor_240,Cardiology,16,Chennai
241,Doctor_241,Orthopedics,16,Chennai
242,Doctor_242,Neurology,5,Mumbai
243,Doctor_243,Neurology,18,Hyderabad
244,Doctor_244,Cardiology,28,Bangalore
245,Doctor_245,Neurology,21,Bangalore
246,Doctor_246,General,6,Hyderabad
247,Doctor_247,General,8,Hyderabad
248,Doctor_248,Cardiology,27,Chennai
249,Doctor_249,Orthopedics,28,Bangalore
250,Doctor_250,Neurology,24,Mumbai
251,Doctor_251,Neurology,23,Bangalore
252,Doctor_252,Orthopedics,13,Chennai
253,Doctor_253,Orthopedics,21,Hyderabad
254,Doctor_254,Orthopedics,23,Bangalore
255,Doctor_255,Orthopedics,2,Hyderabad
256,Doctor_256,Neurology,20,Bangalore
257,Doctor_257,General,11,Mumbai
258,Doctor_258,Cardiology,23,Mumbai
259,Doctor_259,Cardiology,29,Bangalore
260,Doctor_260,Orthopedics,10,Bangalore
261,Doctor_261,General,29,Hyderabad
262,Doctor_262,Neurology,3,Hyderabad
263,Doctor_263,Neurology,15,Chennai
264,Doctor_264,Cardiology,13,Chennai
265,Doctor_265,Orthopedics,24,Bangalore
266,Doctor_266,General,10,Mumbai
267,Doctor_267,Cardiology,6,Chennai
268,Doctor_268,General,8,Chennai
269,Doctor_269,Orthopedics,4,Mumbai
270,Doctor_270,Orthopedics,16,Hyderabad
271,Doctor_271,Cardiology,10,Hyderabad
272,Doctor_272,Orthopedics,19,Hyderabad
273,Doctor_273,General,1,Bangalore
274,Doctor_274,General,22,Bangalore
275,Doctor_275,Cardiology,8,Hyderabad
276,Doctor_276,Orthopedics,20,Mumbai
277,Doctor_277,Neurology,29,Hyderabad
278,Doctor_278,Orthopedics,31,Hyderabad
279,Doctor_279,Cardiology,2,Bangalore
280,Doctor_280,Cardiology,22,Mumbai
281,Doctor_281,Neurology,14,Chennai
282,Doctor_282,Cardiology,35,Mumbai
283,Doctor_283,Cardiology,14,Bangalore
284,Doctor_284,Neurology,14,Chennai
285,Doctor_285,Neurology,35,Bangalore
286,Doctor_286,General,34,Hyderabad
287,Doctor_287,Cardiology,17,Chennai
288,Doctor_288,Neurology,31,Bangalore
289,Doctor_289,General,10,Hyderabad
290,Doctor_290,Cardiology,2,Bangalore
291,Doctor_291,Neurology,25,Mumbai
292,Doctor_292,Cardiology,34,Bangalore
293,Doctor_293,General,3,Mumbai
294,Doctor_294,Orthopedics,17,Bangalore
295,Doctor_295,Cardiology,11,Hyderabad
296,Doctor_296,Cardiology,4,Mumbai
297,Doctor_297,Cardiology,19,Mumbai
298,Doctor_298,Cardiology,13,Hyderabad
299,Doctor_299,Neurology,18,Mumbai
300,Doctor_300,Orthopedics,4,Bangalore
301,Doctor_301,Cardiology,30,Bangalore
302,Doctor_302,Neurology,1,Mumbai
303,Doctor_303,Orthopedics,5,Bangalore
304,Doctor_304,General,25,Mumbai
305,Doctor_305,General,18,Chennai
306,Doctor_306,General,24,Bangalore
307,Doctor_307,General,7,Mumbai
308,Doctor_308,General,2,Bangalore
309,Doctor_309,Orthopedics,19,Chennai
310,Doctor_310,Cardiology,25,Chennai
311,Doctor_311,General,15,Bangalore
312,Doctor_312,Cardiology,25,Chennai
313,Doctor_313,Cardiology,33,Bangalore
314,Doctor_314,Cardiology,7,Hyderabad
315,Doctor_315,Cardiology,21,Hyderabad
316,Doctor_316,Cardiology,32,Chennai
317,Doctor_317,Orthopedics,35,Bangalore
318,Doctor_318,Cardiology,6,Hyderabad
319,Doctor_319,Orthopedics,12,Mumbai
320,Doctor_320,Orthopedics,13,Mumbai
321,Doctor_321,Cardiology,33,Mumbai
322,Doctor_322,Orthopedics,30,Bangalore
323,Doctor_323,General,2,Chennai
324,Doctor_324,General,3,Bangalore
325,Doctor_325,General,16,Chennai
326,Doctor_326,Cardiology,34,Bangalore
327,Doctor_327,General,20,Bangalore
328,Doctor_328,Neurology,22,Bangalore
329,Doctor_329,Neurology,32,Hyderabad
330,Doctor_330,Neurology,26,Mumbai
331,Doctor_331,General,11,Mumbai
332,Doctor_332,Orthopedics,2,Bangalore
333,Doctor_333,Neurology,23,Mumbai
334,Doctor_334,Orthopedics,23,Mumbai
335,Doctor_335,Orthopedics,23,Chennai
336,Doctor_336,Cardiology,20,Hyderabad
337,Doctor_337,Neurology,16,Mumbai
338,Doctor_338,Cardiology,33,Bangalore
339,Doctor_339,Cardiology,18,Bangalore
340,Doctor_340,Cardiology,4,Chennai
341,Doctor_341,General,17,Mumbai
342,Doctor_342,Cardiology,25,Bangalore
343,Doctor_343,Orthopedics,2,Bangalore
344,Doctor_344,Neurology,18,Hyderabad
345,Doctor_345,Orthopedics,15,Mumbai
346,Doctor_346,Neurology,10,Hyderabad
347,Doctor_347,General,22,Hyderabad
348,Doctor_348,Neurology,26,Mumbai
349,Doctor_349,Neurology,9,Hyderabad
350,Doctor_350,Neurology,6,Mumbai
351,Doctor_351,Neurology,25,Mumbai
352,Doctor_352,Orthopedics,34,Mumbai
353,Doctor_353,Neurology,15,Hyderabad
354,Doctor_354,Cardiology,27,Mumbai
355,Doctor_355,Neurology,16,Mumbai
356,Doctor_356,Cardiology,10,Bangalore
357,Doctor_357,General,28,Hyderabad
358,Doctor_358,Cardiology,20,Hyderabad
359,Doctor_359,Orthopedics,22,Mumbai
360,Doctor_360,Cardiology,29,Bangalore
361,Doctor_361,Orthopedics,35,Bangalore
362,Doctor_362,Cardiology,9,Chennai
363,Doctor_363,Neurology,14,Chennai
364,Doctor_364,General,9,Bangalore
365,Doctor_365,Orthopedics,35,Hyderabad
366,Doctor_366,Orthopedics,13,Hyderabad
367,Doctor_367,Neurology,9,Mumbai
368,Doctor_368,Neurology,20,Chennai
369,Doctor_369,Cardiology,34,Bangalore
370,Doctor_370,Orthopedics,9,Mumbai
371,Doctor_371,Cardiology,28,Hyderabad
372,Doctor_372,Neurology,10,Mumbai
373,Doctor_373,Orthopedics,11,Mumbai
374,Doctor_374,General,21,Bangalore
375,Doctor_375,General,5,Mumbai
376,Doctor_376,Orthopedics,35,Bangalore
377,Doctor_377,Orthopedics,8,Chennai
378,Doctor_378,Neurology,12,Mumbai
379,Doctor_379,Orthopedics,21,Hyderabad
380,Doctor_380,Orthopedics,10,Hyderabad
381,Doctor_381,General,2,Mumbai
382,Doctor_382,Neurology,21,Chennai
383,Doctor_383,Cardiology,27,Hyderabad
384,Doctor_384,Orthopedics,27,Chennai
385,Doctor_385,Neurology,20,Mumbai
386,Doctor_386,Neurology,29,Chennai
387,Doctor_387,General,18,Bangalore
388,Doctor_388,Orthopedics,10,Hyderabad
389,Doctor_389,Orthopedics,13,Chennai
390,Doctor_390,Neurology,7,Hyderabad
391,Doctor_391,Orthopedics,9,Chennai
392,Doctor_392,General,12,Hyderabad
393,Doctor_393,General,2,Hyderabad
394,Doctor_394,General,18,Mumbai
395,Doctor_395,Orthopedics,15,Chennai
396,Doctor_396,Orthopedics,15,Mumbai
397,Doctor_397,General,15,Hyderabad
398,Doctor_398,Cardiology,2,Chennai
399,Doctor_399,Neurology,23,Chennai
400,Doctor_400,Cardiology,6,Bangalore
401,Doctor_401,Orthopedics,31,Hyderabad
402,Doctor_402,Neurology,9,Bangalore
403,Doctor_403,Neurology,33,Bangalore
404,Doctor_404,Orthopedics,31,Chennai
405,Doctor_405,Cardiology,24,Bangalore
406,Doctor_406,Cardiology,12,Hyderabad
407,Doctor_407,Cardiology,25,Mumbai
408,Doctor_408,Cardiology,32,Bangalore
409,Doctor_409,General,31,Bangalore
410,Doctor_410,Neurology,9,Chennai
411,Doctor_411,Cardiology,11,Chennai
412,Doctor_412,Orthopedics,13,Chennai
413,Doctor_413,General,15,Mumbai
414,Doctor_414,Neurology,3,Chennai
415,Doctor_415,Orthopedics,27,Hyderabad
416,Doctor_416,General,1,Hyderabad
417,Doctor_417,Neurology,18,Chennai
418,Doctor_418,Orthopedics,27,Chennai
419,Doctor_419,Neurology,15,Mumbai
420,Doctor_420,General,13,Mumbai
421,Doctor_421,Cardiology,14,Hyderabad
422,Doctor_422,General,5,Mumbai
423,Doctor_423,Orthopedics,12,Chennai
424,Doctor_424,Cardiology,29,Mumbai
425,Doctor_425,Neurology,32,Chennai
426,Doctor_426,Neurology,21,Hyderabad
427,Doctor_427,Neurology,30,Bangalore
428,Doctor_428,General,16,Mumbai
429,Doctor_429,Neurology,28,Hyderabad
430,Doctor_430,Neurology,26,Hyderabad
431,Doctor_431,Neurology,3,Mumbai
432,Doctor_432,General,25,Bangalore
433,Doctor_433,Orthopedics,21,Chennai
434,Doctor_434,Cardiology,26,Hyderabad
435,Doctor_435,Neurology,35,Hyderabad
436,Doctor_436,General,34,Bangalore
437,Doctor_437,Neurology,3,Chennai
438,Doctor_438,Cardiology,34,Hyderabad
439,Doctor_439,Orthopedics,7,Bangalore
440,Doctor_440,Orthopedics,29,Mumbai
441,Doctor_441,Neurology,30,Bangalore
442,Doctor_442,Cardiology,3,Bangalore
443,Doctor_443,Neurology,16,Hyderabad
444,Doctor_444,Orthopedics,34,Chennai
445,Doctor_445,General,35,Mumbai
446,Doctor_446,General,26,Bangalore
447,Doctor_447,General,3,Mumbai
448,Doctor_448,Cardiology,25,Chennai
449,Doctor_449,Cardiology,34,Mumbai
450,Doctor_450,Orthopedics,4,Mumbai
451,Doctor_451,Cardiology,13,Hyderabad
452,Doctor_452,Orthopedics,19,Chennai
453,Doctor_453,Orthopedics,29,Bangalore
454,Doctor_454,Neurology,26,Hyderabad
455,Doctor_455,General,20,Hyderabad
456,Doctor_456,General,19,Bangalore
457,Doctor_457,Orthopedics,30,Chennai
458,Doctor_458,Cardiology,11,Mumbai
459,Doctor_459,Orthopedics,28,Chennai
460,Doctor_460,General,19,Chennai
461,Doctor_461,Neurology,4,Mumbai
462,Doctor_462,General,34,Mumbai
463,Doctor_463,Orthopedics,10,Mumbai
464,Doctor_464,Orthopedics,30,Chennai
465,Doctor_465,General,29,Bangalore
466,Doctor_466,General,6,Chennai
467,Doctor_467,Cardiology,33,Bangalore
468,Doctor_468,Neurology,8,Chennai
469,Doctor_469,General,12,Bangalore
470,Doctor_470,Neurology,35,Mumbai
471,Doctor_471,Neurology,9,Chennai
472,Doctor_472,Cardiology,26,Chennai
473,Doctor_473,Orthopedics,27,Hyderabad
474,Doctor_474,Neurology,21,Bangalore
475,Doctor_475,Neurology,29,Chennai
476,Doctor_476,Neurology,2,Chennai
477,Doctor_477,Neurology,12,Mumbai
478,Doctor_478,Orthopedics,30,Bangalore
479,Doctor_479,Cardiology,13,Bangalore
480,Doctor_480,Neurology,30,Chennai
481,Doctor_481,General,6,Bangalore
482,Doctor_482,Orthopedics,17,Bangalore
483,Doctor_483,Cardiology,21,Bangalore
484,Doctor_484,General,11,Bangalore
485,Doctor_485,General,8,Bangalore
486,Doctor_486,General,6,Hyderabad
487,Doctor_487,Neurology,8,Hyderabad
488,Doctor_488,Neurology,29,Chennai
489,Doctor_489,General,24,Bangalore
490,Doctor_490,Cardiology,6,Mumbai
491,Doctor_491,Neurology,34,Chennai
492,Doctor_492,Cardiology,25,Chennai
493,Doctor_493,Neurology,33,Bangalore
494,Doctor_494,Neurology,11,Bangalore
495,Doctor_495,Neurology,25,Hyderabad
496,Doctor_496,Cardiology,25,Chennai
497,Doctor_497,Neurology,3,Chennai
498,Doctor_498,Cardiology,11,Bangalore
499,Doctor_499,Neurology,22,Chennai
500,Doctor_500,Orthopedics,10,Mumbai
501,Doctor_501,Neurology,11,Bangalore
502,Doctor_502,General,10,Chennai
503,Doctor_503,Cardiology,12,Hyderabad
504,Doctor_504,Orthopedics,4,Hyderabad
505,Doctor_505,Cardiology,27,Mumbai
506,Doctor_506,Neurology,20,Mumbai
507,Doctor_507,General,20,Bangalore
508,Doctor_508,General,29,Mumbai
509,Doctor_509,General,19,Chennai
510,Doctor_510,Neurology,12,Bangalore
511,Doctor_511,Neurology,8,Hyderabad
512,Doctor_512,General,9,Chennai
513,Doctor_513,Neurology,13,Chennai
514,Doctor_514,Neurology,1,Mumbai
515,Doctor_515,Orthopedics,17,Chennai
516,Doctor_516,Neurology,1,Bangalore
517,Doctor_517,Orthopedics,30,Mumbai
518,Doctor_518,General,32,Chennai
519,Doctor_519,Cardiology,32,Hyderabad
520,Doctor_520,Neurology,35,Mumbai
521,Doctor_521,General,1,Hyderabad
522,Doctor_522,General,32,Bangalore
523,Doctor_523,Neurology,16,Hyderabad
524,Doctor_524,Cardiology,14,Chennai
525,Doctor_525,Cardiology,31,Hyderabad
526,Doctor_526,Neurology,30,Mumbai
527,Doctor_527,General,27,Bangalore
528,Doctor_528,Neurology,29,Mumbai
529,Doctor_529,Cardiology,6,Chennai
530,Doctor_530,Neurology,1,Hyderabad
531,Doctor_531,General,16,Chennai
532,Doctor_532,Cardiology,18,Hyderabad
533,Doctor_533,Cardiology,14,Bangalore
534,Doctor_534,Cardiology,4,Bangalore
535,Doctor_535,General,12,Chennai
536,Doctor_536,Neurology,10,Bangalore
537,Doctor_537,Cardiology,4,Hyderabad
538,Doctor_538,General,23,Hyderabad
539,Doctor_539,General,3,Mumbai
540,Doctor_540,Orthopedics,10,Hyderabad
541,Doctor_541,Cardiology,3,Mumbai
542,Doctor_542,General,20,Bangalore
543,Doctor_543,Neurology,22,Mumbai
544,Doctor_544,General,6,Chennai
545,Doctor_545,General,4,Hyderabad
546,Doctor_546,Orthopedics,7,Chennai
547,Doctor_547,Cardiology,27,Mumbai
548,Doctor_548,General,12,Bangalore
549,Doctor_549,Neurology,11,Mumbai
550,Doctor_550,Orthopedics,19,Chennai
551,Doctor_551,General,12,Mumbai
552,Doctor_552,Neurology,30,Chennai
553,Doctor_553,Cardiology,24,Hyderabad
554,Doctor_554,Orthopedics,3,Chennai
555,Doctor_555,General,6,Chennai
556,Doctor_556,Orthopedics,20,Chennai
557,Doctor_557,Neurology,21,Chennai
558,Doctor_558,Cardiology,24,Mumbai
559,Doctor_559,Cardiology,25,Hyderabad
560,Doctor_560,Cardiology,5,Bangalore
561,Doctor_561,Cardiology,28,Mumbai
562,Doctor_562,General,5,Mumbai
563,Doctor_563,Neurology,19,Mumbai
564,Doctor_564,Orthopedics,31,Chennai
565,Doctor_565,General,9,Bangalore
566,Doctor_566,Orthopedics,8,Mumbai
567,Doctor_567,Cardiology,18,Mumbai
568,Doctor_568,Neurology,22,Bangalore
569,Doctor_569,General,34,Hyderabad
570,Doctor_570,Orthopedics,27,Bangalore
571,Doctor_571,Orthopedics,34,Bangalore
572,Doctor_572,General,14,Chennai
573,Doctor_573,Orthopedics,14,Mumbai
574,Doctor_574,Orthopedics,4,Chennai
575,Doctor_575,General,7,Hyderabad
576,Doctor_576,Neurology,34,Mumbai
577,Doctor_577,General,6,Hyderabad
578,Doctor_578,General,31,Hyderabad
579,Doctor_579,Neurology,19,Mumbai
580,Doctor_580,Orthopedics,28,Chennai
581,Doctor_581,General,21,Mumbai
582,Doctor_582,Orthopedics,17,Bangalore
583,Doctor_583,Orthopedics,34,Mumbai
584,Doctor_584,Orthopedics,23,Bangalore
585,Doctor_585,General,9,Bangalore
586,Doctor_586,Neurology,32,Bangalore
587,Doctor_587,Cardiology,34,Mumbai
588,Doctor_588,Neurology,32,Chennai
589,Doctor_589,General,32,Mumbai
590,Doctor_590,Neurology,12,Hyderabad
591,Doctor_591,Cardiology,15,Chennai
592,Doctor_592,Neurology,19,Chennai
593,Doctor_593,General,13,Mumbai
594,Doctor_594,Orthopedics,1,Mumbai
595,Doctor_595,Cardiology,8,Bangalore
596,Doctor_596,Neurology,2,Hyderabad
597,Doctor_597,General,30,Hyderabad
598,Doctor_598,Cardiology,8,Bangalore
599,Doctor_599,Cardiology,14,Chennai
600,Doctor_600,Neurology,27,Chennai
601,Doctor_601,General,27,Mumbai
602,Doctor_602,General,3,Hyderabad
603,Doctor_603,Cardiology,22,Chennai
604,Doctor_604,Cardiology,23,Mumbai
605,Doctor_605,Orthopedics,14,Bangalore
606,Doctor_606,Neurology,1,Mumbai
607,Doctor_607,Orthopedics,13,Bangalore
608,Doctor_608,Cardiology,19,Hyderabad
609,Doctor_609,Cardiology,17,Hyderabad
610,Doctor_610,General,5,Chennai
611,Doctor_611,General,20,Mumbai
612,Doctor_612,Orthopedics,20,Hyderabad
613,Doctor_613,Cardiology,33,Chennai
614,Doctor_614,Neurology,21,Mumbai
615,Doctor_615,General,1,Mumbai
616,Doctor_616,General,8,Chennai
617,Doctor_617,Cardiology,22,Mumbai
618,Doctor_618,Neurology,22,Hyderabad
619,Doctor_619,Orthopedics,26,Chennai
620,Doctor_620,Neurology,2,Hyderabad
621,Doctor_621,Cardiology,12,Chennai
622,Doctor_622,Neurology,13,Bangalore
623,Doctor_623,Neurology,22,Hyderabad
624,Doctor_624,Cardiology,22,Bangalore
625,Doctor_625,Orthopedics,31,Chennai
626,Doctor_626,Neurology,31,Mumbai
627,Doctor_627,Cardiology,3,Bangalore
628,Doctor_628,Neurology,9,Chennai
629,Doctor_629,Cardiology,31,Bangalore
630,Doctor_630,Orthopedics,10,Hyderabad
631,Doctor_631,General,30,Chennai
632,Doctor_632,Orthopedics,35,Chennai
633,Doctor_633,General,22,Mumbai
634,Doctor_634,General,30,Chennai
635,Doctor_635,Neurology,27,Hyderabad
636,Doctor_636,Cardiology,4,Chennai
637,Doctor_637,Cardiology,34,Chennai
638,Doctor_638,Cardiology,20,Hyderabad
639,Doctor_639,Orthopedics,21,Bangalore
640,Doctor_640,Orthopedics,35,Bangalore
641,Doctor_641,Orthopedics,2,Hyderabad
642,Doctor_642,Orthopedics,14,Bangalore
643,Doctor_643,Neurology,22,Chennai
644,Doctor_644,Neurology,23,Chennai
645,Doctor_645,General,5,Chennai
646,Doctor_646,General,10,Chennai
647,Doctor_647,Cardiology,18,Chennai
648,Doctor_648,Orthopedics,2,Hyderabad
649,Doctor_649,Neurology,22,Chennai
650,Doctor_650,General,25,Bangalore
651,Doctor_651,Cardiology,35,Hyderabad
652,Doctor_652,Cardiology,11,Bangalore
653,Doctor_653,Orthopedics,25,Chennai
654,Doctor_654,Orthopedics,12,Chennai
655,Doctor_655,Cardiology,8,Mumbai
656,Doctor_656,Orthopedics,20,Mumbai
657,Doctor_657,Orthopedics,21,Chennai
658,Doctor_658,General,3,Bangalore
659,Doctor_659,General,18,Hyderabad
660,Doctor_660,General,27,Bangalore
661,Doctor_661,Neurology,6,Bangalore
662,Doctor_662,Orthopedics,32,Bangalore
663,Doctor_663,General,16,Bangalore
664,Doctor_664,General,24,Hyderabad
665,Doctor_665,Cardiology,29,Mumbai
666,Doctor_666,General,20,Mumbai
667,Doctor_667,Cardiology,14,Hyderabad
668,Doctor_668,Orthopedics,34,Hyderabad
669,Doctor_669,Cardiology,20,Bangalore
670,Doctor_670,General,12,Hyderabad
671,Doctor_671,Neurology,8,Mumbai
672,Doctor_672,Neurology,24,Chennai
673,Doctor_673,Orthopedics,3,Chennai
674,Doctor_674,General,13,Chennai
675,Doctor_675,Orthopedics,6,Bangalore
676,Doctor_676,Cardiology,29,Mumbai
677,Doctor_677,Orthopedics,33,Chennai
678,Doctor_678,Neurology,2,Bangalore
679,Doctor_679,Orthopedics,31,Chennai
680,Doctor_680,Cardiology,33,Hyderabad
681,Doctor_681,General,10,Hyderabad
682,Doctor_682,Orthopedics,13,Bangalore
683,Doctor_683,Cardiology,22,Bangalore
684,Doctor_684,Neurology,31,Bangalore
685,Doctor_685,General,34,Bangalore
686,Doctor_686,Orthopedics,20,Chennai
687,Doctor_687,Orthopedics,21,Bangalore
688,Doctor_688,Neurology,10,Bangalore
689,Doctor_689,Orthopedics,7,Bangalore
690,Doctor_690,Neurology,34,Hyderabad
691,Doctor_691,Neurology,9,Mumbai
692,Doctor_692,General,14,Hyderabad
693,Doctor_693,Neurology,3,Hyderabad
694,Doctor_694,Neurology,30,Hyderabad
695,Doctor_695,Neurology,25,Mumbai
696,Doctor_696,Orthopedics,34,Mumbai
697,Doctor_697,Neurology,8,Hyderabad
698,Doctor_698,Neurology,1,Bangalore
699,Doctor_699,Neurology,20,Hyderabad
700,Doctor_700,Neurology,3,Hyderabad
701,Doctor_701,Orthopedics,6,Hyderabad
702,Doctor_702,Neurology,22,Mumbai
703,Doctor_703,Cardiology,30,Hyderabad
704,Doctor_704,Cardiology,3,Chennai
705,Doctor_705,Cardiology,7,Hyderabad
706,Doctor_706,General,34,Hyderabad
707,Doctor_707,Cardiology,20,Chennai
708,Doctor_708,Cardiology,2,Hyderabad
709,Doctor_709,General,20,Hyderabad
710,Doctor_710,Orthopedics,14,Hyderabad
711,Doctor_711,Orthopedics,21,Bangalore
712,Doctor_712,General,13,Bangalore
713,Doctor_713,Orthopedics,13,Bangalore
714,Doctor_714,General,19,Chennai
715,Doctor_715,Neurology,18,Hyderabad
716,Doctor_716,Orthopedics,35,Hyderabad
717,Doctor_717,General,21,Bangalore
718,Doctor_718,Neurology,29,Chennai
719,Doctor_719,Neurology,8,Chennai
720,Doctor_720,Cardiology,18,Chennai
721,Doctor_721,General,10,Bangalore
722,Doctor_722,General,11,Bangalore
723,Doctor_723,Cardiology,18,Hyderabad
724,Doctor_724,Orthopedics,8,Hyderabad
725,Doctor_725,General,1,Hyderabad
726,Doctor_726,Neurology,33,Bangalore
727,Doctor_727,General,7,Bangalore
728,Doctor_728,Cardiology,14,Chennai
729,Doctor_729,General,35,Bangalore
730,Doctor_730,Orthopedics,23,Hyderabad
731,Doctor_731,Cardiology,21,Hyderabad
732,Doctor_732,Cardiology,18,Bangalore
733,Doctor_733,Neurology,10,Mumbai
734,Doctor_734,General,19,Chennai
735,Doctor_735,Cardiology,16,Bangalore
736,Doctor_736,Orthopedics,11,Mumbai
737,Doctor_737,Orthopedics,5,Hyderabad
738,Doctor_738,Orthopedics,20,Bangalore
739,Doctor_739,Neurology,22,Chennai
740,Doctor_740,Orthopedics,35,Mumbai
741,Doctor_741,Neurology,29,Mumbai
742,Doctor_742,Orthopedics,4,Bangalore
743,Doctor_743,General,9,Bangalore
744,Doctor_744,Orthopedics,2,Mumbai
745,Doctor_745,Orthopedics,31,Hyderabad
746,Doctor_746,Neurology,4,Chennai
747,Doctor_747,General,7,Hyderabad
748,Doctor_748,General,25,Mumbai
749,Doctor_749,Neurology,4,Hyderabad
750,Doctor_750,General,6,Bangalore
751,Doctor_751,Orthopedics,28,Mumbai
752,Doctor_752,Orthopedics,26,Chennai
753,Doctor_753,General,12,Chennai
754,Doctor_754,Orthopedics,29,Hyderabad
755,Doctor_755,General,23,Hyderabad
756,Doctor_756,Neurology,20,Chennai
757,Doctor_757,Neurology,22,Mumbai
758,Doctor_758,Neurology,13,Hyderabad
759,Doctor_759,Cardiology,35,Mumbai
760,Doctor_760,Orthopedics,6,Chennai
761,Doctor_761,Neurology,30,Mumbai
762,Doctor_762,General,9,Chennai
763,Doctor_763,General,6,Mumbai
764,Doctor_764,Neurology,30,Bangalore
765,Doctor_765,Neurology,7,Mumbai
766,Doctor_766,Neurology,30,Chennai
767,Doctor_767,General,20,Mumbai
768,Doctor_768,Cardiology,30,Bangalore
769,Doctor_769,Neurology,31,Hyderabad
770,Doctor_770,General,15,Mumbai
771,Doctor_771,General,15,Chennai
772,Doctor_772,Neurology,10,Bangalore
773,Doctor_773,Orthopedics,17,Hyderabad
774,Doctor_774,General,24,Mumbai
775,Doctor_775,Orthopedics,26,Hyderabad
776,Doctor_776,Orthopedics,12,Mumbai
777,Doctor_777,Cardiology,22,Mumbai
778,Doctor_778,General,21,Hyderabad
779,Doctor_779,Cardiology,30,Hyderabad
780,Doctor_780,Neurology,32,Bangalore
781,Doctor_781,Cardiology,2,Mumbai
782,Doctor_782,Neurology,5,Mumbai
783,Doctor_783,Orthopedics,31,Hyderabad
784,Doctor_784,General,8,Bangalore
785,Doctor_785,Cardiology,23,Hyderabad
786,Doctor_786,General,31,Chennai
787,Doctor_787,Orthopedics,30,Bangalore
788,Doctor_788,Orthopedics,11,Chennai
789,Doctor_789,Orthopedics,19,Bangalore
790,Doctor_790,Orthopedics,23,Mumbai
791,Doctor_791,Orthopedics,9,Hyderabad
792,Doctor_792,Orthopedics,33,Bangalore
793,Doctor_793,Cardiology,7,Mumbai
794,Doctor_794,General,26,Mumbai
795,Doctor_795,Cardiology,7,Chennai
796,Doctor_796,Orthopedics,21,Chennai
797,Doctor_797,Neurology,5,Mumbai
798,Doctor_798,Neurology,20,Chennai
799,Doctor_799,Orthopedics,35,Mumbai
800,Doctor_800,Orthopedics,30,Mumbai
801,Doctor_801,Orthopedics,26,Mumbai
802,Doctor_802,General,27,Chennai
803,Doctor_803,General,16,Bangalore
804,Doctor_804,Cardiology,16,Mumbai
805,Doctor_805,General,11,Hyderabad
806,Doctor_806,Orthopedics,31,Hyderabad
807,Doctor_807,General,25,Chennai
808,Doctor_808,Neurology,5,Mumbai
809,Doctor_809,Neurology,22,Mumbai
810,Doctor_810,Orthopedics,14,Bangalore
811,Doctor_811,General,28,Bangalore
812,Doctor_812,General,28,Hyderabad
813,Doctor_813,Cardiology,22,Hyderabad
814,Doctor_814,Cardiology,35,Hyderabad
815,Doctor_815,Neurology,16,Hyderabad
816,Doctor_816,Orthopedics,12,Mumbai
817,Doctor_817,Neurology,5,Hyderabad
818,Doctor_818,Orthopedics,32,Bangalore
819,Doctor_819,Orthopedics,8,Mumbai
820,Doctor_820,Orthopedics,30,Chennai
821,Doctor_821,Orthopedics,21,Bangalore
822,Doctor_822,General,7,Chennai
823,Doctor_823,Orthopedics,29,Hyderabad
824,Doctor_824,General,12,Hyderabad
825,Doctor_825,Orthopedics,20,Mumbai
826,Doctor_826,General,26,Mumbai
827,Doctor_827,General,5,Bangalore
828,Doctor_828,Neurology,7,Chennai
829,Doctor_829,Neurology,25,Mumbai
830,Doctor_830,Cardiology,21,Mumbai
831,Doctor_831,Neurology,32,Chennai
832,Doctor_832,Neurology,4,Chennai
833,Doctor_833,Orthopedics,6,Hyderabad
834,Doctor_834,Cardiology,14,Hyderabad
835,Doctor_835,Neurology,9,Mumbai
836,Doctor_836,Neurology,1,Hyderabad
837,Doctor_837,General,10,Mumbai
838,Doctor_838,Cardiology,10,Mumbai
839,Doctor_839,Cardiology,29,Chennai
840,Doctor_840,Cardiology,35,Mumbai
841,Doctor_841,General,19,Mumbai
842,Doctor_842,Cardiology,25,Mumbai
843,Doctor_843,Cardiology,29,Hyderabad
844,Doctor_844,General,13,Hyderabad
845,Doctor_845,Cardiology,14,Bangalore
846,Doctor_846,Cardiology,21,Chennai
847,Doctor_847,Orthopedics,20,Bangalore
848,Doctor_848,Neurology,20,Mumbai
849,Doctor_849,Cardiology,28,Mumbai
850,Doctor_850,General,23,Bangalore
851,Doctor_851,Orthopedics,6,Chennai
852,Doctor_852,Neurology,1,Mumbai
853,Doctor_853,Neurology,33,Mumbai
854,Doctor_854,Orthopedics,26,Hyderabad
855,Doctor_855,General,9,Mumbai
856,Doctor_856,Neurology,19,Mumbai
857,Doctor_857,Neurology,4,Mumbai
858,Doctor_858,Neurology,24,Bangalore
859,Doctor_859,Cardiology,4,Hyderabad
860,Doctor_860,Cardiology,1,Mumbai
861,Doctor_861,Orthopedics,23,Chennai
862,Doctor_862,Orthopedics,8,Mumbai
863,Doctor_863,General,19,Mumbai
864,Doctor_864,General,2,Chennai
865,Doctor_865,Orthopedics,16,Chennai
866,Doctor_866,General,28,Chennai
867,Doctor_867,Neurology,26,Hyderabad
868,Doctor_868,Neurology,21,Hyderabad
869,Doctor_869,General,25,Hyderabad
870,Doctor_870,General,26,Bangalore
871,Doctor_871,Orthopedics,25,Chennai
872,Doctor_872,Orthopedics,28,Chennai
873,Doctor_873,General,35,Hyderabad
874,Doctor_874,Neurology,14,Chennai
875,Doctor_875,Cardiology,12,Mumbai
876,Doctor_876,General,31,Hyderabad
877,Doctor_877,Orthopedics,9,Mumbai
878,Doctor_878,Orthopedics,13,Chennai
879,Doctor_879,General,25,Chennai
880,Doctor_880,Orthopedics,24,Mumbai
881,Doctor_881,Neurology,27,Chennai
882,Doctor_882,Orthopedics,10,Hyderabad
883,Doctor_883,Cardiology,19,Bangalore
884,Doctor_884,Cardiology,9,Bangalore
885,Doctor_885,Neurology,9,Bangalore
886,Doctor_886,Orthopedics,1,Chennai
887,Doctor_887,Orthopedics,5,Hyderabad
888,Doctor_888,General,2,Hyderabad
889,Doctor_889,Cardiology,10,Chennai
890,Doctor_890,General,32,Hyderabad
891,Doctor_891,General,28,Chennai
892,Doctor_892,Orthopedics,9,Bangalore
893,Doctor_893,Cardiology,6,Hyderabad
894,Doctor_894,General,9,Chennai
895,Doctor_895,Orthopedics,27,Hyderabad
896,Doctor_896,Neurology,30,Mumbai
897,Doctor_897,Cardiology,28,Mumbai
898,Doctor_898,Orthopedics,12,Mumbai
899,Doctor_899,Neurology,30,Chennai
900,Doctor_900,General,33,Hyderabad
901,Doctor_901,General,28,Mumbai
902,Doctor_902,General,29,Hyderabad
903,Doctor_903,Neurology,25,Chennai
904,Doctor_904,Neurology,23,Mumbai
905,Doctor_905,General,15,Mumbai
906,Doctor_906,General,12,Chennai
907,Doctor_907,Neurology,28,Hyderabad
908,Doctor_908,Orthopedics,1,Mumbai
909,Doctor_909,Cardiology,32,Hyderabad
910,Doctor_910,General,16,Bangalore
911,Doctor_911,Neurology,33,Chennai
912,Doctor_912,Orthopedics,18,Mumbai
913,Doctor_913,Orthopedics,27,Chennai
914,Doctor_914,Orthopedics,35,Bangalore
915,Doctor_915,General,24,Chennai
916,Doctor_916,Neurology,3,Chennai
917,Doctor_917,Cardiology,3,Mumbai
918,Doctor_918,Neurology,31,Bangalore
919,Doctor_919,Neurology,24,Mumbai
920,Doctor_920,Orthopedics,8,Hyderabad
921,Doctor_921,Cardiology,31,Bangalore
922,Doctor_922,General,6,Chennai
923,Doctor_923,General,10,Chennai
924,Doctor_924,Orthopedics,34,Hyderabad
925,Doctor_925,General,18,Chennai
926,Doctor_926,Neurology,30,Mumbai
927,Doctor_927,Orthopedics,34,Bangalore
928,Doctor_928,Cardiology,6,Hyderabad
929,Doctor_929,Neurology,34,Hyderabad
930,Doctor_930,Cardiology,6,Chennai
931,Doctor_931,Cardiology,16,Chennai
932,Doctor_932,Neurology,31,Hyderabad
933,Doctor_933,Cardiology,5,Mumbai
934,Doctor_934,Orthopedics,35,Mumbai
935,Doctor_935,Orthopedics,20,Bangalore
936,Doctor_936,Neurology,4,Chennai
937,Doctor_937,General,22,Hyderabad
938,Doctor_938,Cardiology,35,Chennai
939,Doctor_939,Neurology,1,Chennai
940,Doctor_940,Cardiology,31,Mumbai
941,Doctor_941,Neurology,30,Chennai
942,Doctor_942,Cardiology,33,Bangalore
943,Doctor_943,General,31,Mumbai
944,Doctor_944,Neurology,22,Mumbai
945,Doctor_945,Orthopedics,27,Chennai
946,Doctor_946,General,23,Mumbai
947,Doctor_947,Orthopedics,19,Bangalore
948,Doctor_948,General,19,Hyderabad
949,Doctor_949,Orthopedics,11,Bangalore
950,Doctor_950,General,3,Mumbai
951,Doctor_951,Cardiology,20,Bangalore
952,Doctor_952,Orthopedics,17,Mumbai
953,Doctor_953,Cardiology,4,Chennai
954,Doctor_954,Neurology,31,Mumbai
955,Doctor_955,Cardiology,11,Hyderabad
956,Doctor_956,Orthopedics,4,Bangalore
957,Doctor_957,General,19,Chennai
958,Doctor_958,Cardiology,2,Mumbai
959,Doctor_959,General,19,Bangalore
960,Doctor_960,Neurology,32,Bangalore
961,Doctor_961,Neurology,6,Bangalore
962,Doctor_962,Orthopedics,9,Chennai
963,Doctor_963,General,33,Mumbai
964,Doctor_964,Cardiology,5,Mumbai
965,Doctor_965,Cardiology,18,Chennai
966,Doctor_966,Neurology,17,Hyderabad
967,Doctor_967,General,9,Bangalore
968,Doctor_968,General,18,Mumbai
969,Doctor_969,Neurology,18,Chennai
970,Doctor_970,Cardiology,17,Chennai
971,Doctor_971,Neurology,1,Bangalore
972,Doctor_972,General,8,Chennai
973,Doctor_973,Cardiology,12,Bangalore
974,Doctor_974,Neurology,10,Mumbai
975,Doctor_975,General,29,Bangalore
976,Doctor_976,General,24,Hyderabad
977,Doctor_977,Orthopedics,12,Bangalore
978,Doctor_978,Orthopedics,17,Bangalore
979,Doctor_979,Neurology,16,Hyderabad
980,Doctor_980,Cardiology,32,Bangalore
981,Doctor_981,Cardiology,12,Chennai
982,Doctor_982,Orthopedics,34,Mumbai
983,Doctor_983,General,3,Mumbai
984,Doctor_984,Orthopedics,22,Mumbai
985,Doctor_985,Neurology,6,Mumbai
986,Doctor_986,Orthopedics,10,Hyderabad
987,Doctor_987,Cardiology,10,Bangalore
988,Doctor_988,Neurology,32,Bangalore
989,Doctor_989,Cardiology,27,Chennai
990,Doctor_990,Neurology,25,Bangalore
991,Doctor_991,General,16,Hyderabad
992,Doctor_992,Orthopedics,29,Chennai
993,Doctor_993,Cardiology,11,Chennai
994,Doctor_994,Neurology,14,Bangalore
995,Doctor_995,Orthopedics,23,Hyderabad
996,Doctor_996,Cardiology,4,Mumbai
997,Doctor_997,General,17,Hyderabad
998,Doctor_998,Neurology,8,Hyderabad
999,Doctor_999,Cardiology,4,Hyderabad
1000,Doctor_1000,Cardiology,11,Chennai
